{"cameraMode":{"drawMode":0,"name":"Shaded","section":"Shading Mode"},"sceneLighting":false,"audioPlay":false,"sceneViewState":{"m_AlwaysRefresh":false,"showFog":true,"showSkybox":false,"showFlares":true,"showImageEffects":true,"showParticleSystems":true,"showVisualEffectGraphs":true,"m_FxEnabled":true},"in2DMode":false,"pivot":{"x":0.026241302490234376,"y":0.17791494727134705,"z":-0.08560752868652344},"rotation":{"x":-0.0006166928797028959,"y":0.9985390305519104,"z":0.011673660948872567,"w":0.052773863077163699},"size":21.37246322631836,"orthographic":false}