{"cameraMode":{"drawMode":0,"name":"Shaded","section":"Shading Mode"},"sceneLighting":true,"audioPlay":false,"sceneViewState":{"m_AlwaysRefresh":false,"showFog":true,"showSkybox":true,"showFlares":true,"showImageEffects":true,"showParticleSystems":true,"showVisualEffectGraphs":true,"m_FxEnabled":true},"in2DMode":false,"pivot":{"x":2.6644997596740724,"y":0.3903839886188507,"z":-1.7282705307006837},"rotation":{"x":-0.11720737814903259,"y":-0.7938154339790344,"z":0.16200369596481324,"w":-0.574408233165741},"size":0.8963846564292908,"orthographic":false}